{
    "concurrency":200,
    "timeout":5000,
    "handshake_timeout":5000,
    "delay":1200,
    "only_gws_ip":false,
    "organization":[
        "Google Inc"
    ],
    "gws":[
        "google.",
        "google.com"
    ],
    "gvs":[
        "*.c.docs.google.com",
        "*.googlevideo.com"
    ],
    "match_ip_by_dnsname":false,
    "sort_tmpokfile":true,
    "check_last_okip":true,
    "ippool":{
        "enabled":false,
        "max_ip_number":1000,
        "check_ip_all":false,
        "delay":1200
    },
    "check_bandwidth":{
        "enabled":false,
        "sort":true,
        "concurrency":10,
        "timeout":8000
    },
    "check_http2":false,
    "write_to_goproxy":{
        "enabled":false,
        "path":"",
        "one_ip_per_line":true
    },
    "soft_mode":true,
    "bell":false
}
